compound,aliases,target_class,Target,indication,max_phase,year-approved,year_stopped,primary_safety_signal,category,therapeutic_area,failure_type,MedChem_D,isomeric,canonical,inchikey,cid,status,Edward Score V23,Rationale V23,metabolic_stability_estimate,potential_toxic_fragments,P1 Prob V23,P1 Rationale V23,P2 Prob V23,P2 Rationale V23,P3 Prob V23,P3 Rationale V23,TCSP V23,Salah Verdict V23,Biological Risk V23,Clinical Attrition Risk V23,Target Stigma Penalty V23,P3 Cap Reason V23
mirdametinib,,Kinase,MEK1/2,NF1-PN,Approved,2025.0,,,Approved,Oncology,,approved_control,C1=CC(=C(C=C1I)F)NC2=C(C=CC(=C2F)F)C(=O)NOC[C@@H](CO)O,C1=CC(=C(C=C1I)F)NC2=C(C=CC(=C2F)F)C(=O)NOCCH(CO)O,SUDAHWBOROXANE-SECBINFHSA-N,9826528,OK,85,"This molecule is a thermodynamic and physicochemical nightmare, relying on brute-force halogenation rather than elegant design. The architecture is violently schizophrenic: a rigid, highly lipophilic diphenylamine core burdened with three fluorines and a massive, highly polarizable iodine atom, juxtaposed against a highly polar, hydrogen-bond donating diol tail (total HBD=4). This extreme amphiphilicity guarantees erratic oral absorption, as the polar tail resists membrane permeation while the greasy core drives non-specific binding and >99% plasma protein binding. The inclusion of an aryl iodide is a MedChem last resort; it acts as a 'grease boulder' that inflates the volume of distribution and forces the molecule into extensive hepatic clearance. Integrating Salah's biological advisory, the 25-point penalty is fully justified. The kinase target space demands a wide therapeutic index, but this structure guarantees the opposite. The diphenylamine core is a classic structural alert for bioactivation into reactive quinone imines. Given the high hepatic burden and the likelihood that high doses will be required to overcome the massive PPB and maintain target occupancy, idiosyncratic DILI is a highly probable outcome. Furthermore, the N-O (alkoxyamine) linkage introduces potential reductive lability. Tox Summary: Not Clean.",Low,"['Aryl iodide (high lipophilicity, polarizability, potential deiodination/thyroid tox)', 'Diphenylamine core (risk of oxidation to reactive quinone imines/nitrenium ions)', 'O-alkyl hydroxamate/alkoxyamine (potential reductive cleavage)']",0.4,"The heavy halogen burden, particularly the iodine, combined with the diphenylamine core, presents a severe risk for idiosyncratic hepatotoxicity (DILI) and off-target kinase/cardiac liabilities. Phase 1 dose escalation will likely hit MTD quickly.",0.3,Efficacy will be severely hampered by the molecule's extreme plasma protein binding and erratic bioavailability. Maintaining continuous target occupancy without breaching the narrow therapeutic index will be highly challenging.,0.1,"Chronic administration of a heavily halogenated, iodine-containing kinase inhibitor with known class-wide toxicities (ocular, dermatological, cardiovascular) makes Phase 3 survival highly improbable. The therapeutic window is razor-thin.",0.012,CAUTION,"The kinase target space in oncology is clinically validated but represents a highly attritional graveyard of narrow therapeutic indices. This NCE features a heavily halogenated, highly lipophilic core—notably containing a massive iodine atom—paired with a polar diol tail. This extreme amphiphilic nature and heavy halogen burden guarantee high plasma protein binding, extensive hepatic metabolism, and potential tissue accumulation. If the required clinical dose exceeds 50mg to maintain continuous target occupancy, the liver burden will be severe, risking idiosyncratic DILI via reactive intermediate formation. Furthermore, kinase inhibitors routinely suffer from class-wide toxicities including cardiotoxicity (LVEF reduction), ocular toxicities, and severe dermatological events. The therapeutic window here will be razor-thin, dictated entirely by the MTD.",High,25,"Narrow therapeutic index typical of oncology kinase inhibitors, compounded by heavy halogenation (iodine) driving potential hepatotoxicity, tissue accumulation, and dose-limiting off-target adverse events."
elamipretide,,Mitochondrial binder,Cardiolipin,Barth Syndrome,Approved,2025.0,,,Approved,Rare Disease,,approved_control,CC1=CC(=CC(=C1C[C@@H](C(=O)N[C@@H](CCCCN)C(=O)N[C@@H](CC2=CC=CC=C2)C(=O)N)NC(=O)[C@@H](CCCN=C(N)N)N)C)O,CC1=CC(=CC(=C1CCH(C(=O)NCH(CCCCN)C(=O)NCH(CC2=CC=CC=C2)C(=O)N)NC(=O)CH(CCCN=C(N)N)N)C)O,SFVLTCAESLKEHH-WKAQUBQDSA-N,11764719,OK,85,"Structurally, this is a highly polar, polycationic tetrapeptide-like entity (MW > 600, TPSA > 250 Å²). It blatantly violates all standard small-molecule developability metrics, carrying a massive entropic penalty ('The Balloon'). The presence of multiple basic centers (a guanidine and two primary amines) guarantees a +3 polycationic state at physiological pH. This completely precludes passive membrane permeability and oral absorption, mandating high-dose parenteral administration. While the extreme positive charge may theoretically drive mitochondrial accumulation by exploiting the negative mitochondrial membrane potential, it introduces severe systemic liabilities: rapid renal clearance, a high risk of nephrotoxicity via proximal tubule accumulation, and potential off-target cellular membrane disruption (mast cell degranulation). Metabolic stability is inherently compromised by the multiple exposed amide bonds, although the sterically hindered 2,6-dimethylphenol moiety may offer slight localized resistance against ubiquitous peptidases. Integrating the biological advisory, the razor-thin therapeutic window of direct mitochondrial modulation, combined with the abysmal physicochemical properties and obligate parenteral route, makes this a highly precarious asset. Tox Summary: Not Clean (High risk of nephrotoxicity and membrane disruption due to polycationic nature).",Low,"['Polycationic motif (guanidine + primary amines) driving renal accumulation/nephrotoxicity', 'Exposed peptide backbone (protease susceptibility)']",0.6,"Acute systemic toxicity may be manageable in a controlled clinical setting, but there is a high risk of injection site reactions and early renal biomarker elevations due to the polycationic charge.",0.25,"Achieving adequate intracellular and intra-mitochondrial concentrations in deep target tissues (e.g., CNS, skeletal muscle) via parenteral dosing without triggering dose-limiting nephrotoxicity is highly improbable.",0.1,Chronic parenteral administration of a nephrotoxic-leaning peptide for a rare disease faces massive patient compliance hurdles and long-term renal safety risks.,0.015,CAUTION,"Targeting mitochondria directly is a clinical minefield. The therapeutic window between restoring mitochondrial function and triggering catastrophic ATP depletion, uncoupling, or apoptosis is razor-thin. Structurally, this NCE is a highly polar, polycationic peptide-like entity (containing arginine and lysine-like moieties). While this hydrophilic profile bypasses classic CYP450-mediated hepatic metabolism and reduces traditional DILI risk, it guarantees abysmal oral bioavailability. This necessitates high-dose parenteral administration to achieve adequate intracellular and intra-mitochondrial concentrations in target tissues (e.g., muscle, CNS). Furthermore, highly cationic peptides are notorious for renal accumulation, shifting the toxicity burden from the liver to the kidneys (nephrotoxicity). In a rare disease context, regulatory tolerance for adverse events is higher, but the biological feasibility of safely modulating the cellular powerhouse remains highly precarious.",High,35,"Extreme difficulty in demonstrating definitive clinical efficacy in heterogeneous rare diseases, compounded by the inherent systemic toxicity risks of direct mitochondrial modulation and the poor pharmacokinetic profile of polycationic peptides."
doxecitine,,Nucleoside,TK2,TK2 Deficiency,Approved,2025.0,,,Approved,Rare Disease,,approved_control,C1[C@@H]([C@H](O[C@H]1N2C=CC(=NC2=O)N)CO)O,C1CH(CH(OCH1N2C=CC(=NC2=O)N)CO)O,CKTSBUTUHBMZGZ-SHYZEUOFSA-N,13711,OK,78,"This scaffold is a physicochemical and metabolic nightmare masquerading as a drug. With a cLogP well below zero and a high polar surface area driven by multiple hydroxyls and a pyrimidine base, passive membrane permeability is non-existent; it is entirely at the mercy of active transport via solute carriers. Metabolically, the exocyclic amine on the pyrimidine ring is a glaring liability, highly susceptible to rapid, systemic deamination by ubiquitous deaminases, drastically reducing half-life. Furthermore, as highlighted by the biological advisory, this nucleoside analog requires rate-limiting intracellular tri-phosphorylation, creating profound PK/PD disconnects and necessitating massive systemic doses. This high-exposure requirement directly exacerbates its fatal structural flaw: indiscriminate mimicry of endogenous substrates, leading to off-target inhibition of human DNA polymerase gamma. The resulting mitochondrial toxicity (lactic acidosis, neuropathy) is a hard-wired class liability that cannot be engineered out without destroying target affinity. Tox Summary: Not Clean.",Low,"['Nucleoside analog core (mitochondrial toxicity via DNA pol gamma off-target affinity)', 'Exocyclic pyrimidine amine (susceptibility to rapid systemic deamination)']",0.35,Severe risk of acute myelosuppression and dose-limiting host toxicity driven by the high systemic exposures required to overcome poor intracellular phosphorylation kinetics.,0.25,Efficacy is heavily compromised by rapid systemic deamination and absolute reliance on variable host kinase expression for bioactivation to the active triphosphate species.,0.1,"Chronic administration is a clinical minefield. Cumulative mitochondrial toxicity, manifesting as lactic acidosis and peripheral neuropathy, will obliterate the therapeutic index even in a rare disease setting.",0.00875,CAUTION,"Nucleoside analogs carry a massive, class-wide liability for mitochondrial toxicity via off-target inhibition of human host DNA polymerase gamma. This mechanism frequently manifests clinically as severe lactic acidosis, peripheral neuropathy, myelosuppression, and hepatic steatosis. Furthermore, the requirement for intracellular tri-phosphorylation introduces profound pharmacokinetic variability and often necessitates high systemic exposures to achieve active intracellular concentrations, directly driving dose-dependent host toxicity. While the 'Rare Disease' designation offers a slightly more forgiving regulatory safety margin, chronic administration of this scaffold is a clinical minefield with a razor-thin therapeutic index.",High,35,"Class-wide mitochondrial toxicity (Pol-gamma inhibition) and myelosuppression severely restrict the therapeutic window, frequently causing late-stage safety failures."
suzetrigine,,Ion Channel,NaV1.8,Acute Pain,Approved,2025.0,,,Approved,Pain,,approved_control,C[C@H]1[C@H]([C@@H](O[C@@]1(C)C(F)(F)F)C(=O)NC2=CC(=NC=C2)C(=O)N)C3=C(C(=C(C=C3)F)F)OC,CCH1CH(CH(OC1(C)C(F)(F)F)C(=O)NC2=CC(=NC=C2)C(=O)N)C3=C(C(=C(C=C3)F)F)OC,XSQUJFKRXZMOKA-PAFIKIDNSA-N,156445116,OK,68,"This is a highly dense, stereochemically complex tetrahydrofuran scaffold. The medicinal chemistry strategy is obvious: brute-force metabolic stability using heavy halogenation (a trifluoromethyl group and a difluorophenyl ring) while attempting to balance the resulting 'grease' with highly polar carboxamide and pyridine moieties. Physicochemically, this creates a push-pull dynamic: MW is pushed near the 500 Da limit (~472 Da) and TPSA is elevated (>100 Å²). While the high TPSA effectively restricts CNS penetration—a crucial advantage for avoiding central Nav1.1/1.2 liabilities if targeting peripheral ion channels—it simultaneously hampers permeability to peripheral nerve terminals, likely driving up the required clinical dose. The lack of a basic amine effectively nullifies hERG risk, and the molecule is a metabolic fortress, with O-demethylation being the only obvious soft spot. However, the presence of four contiguous stereocenters will make the synthetic COGS astronomical. Integrating the biological advisory: the historical graveyard of ion channel pain targets, combined with the high plasma protein binding typical of such heavily fluorinated motifs, necessitates high doses and elevates idiosyncratic DILI risk. Tox Summary: Clean structurally, but high-dose DILI risk remains.",High,"None explicitly reactive, but heavy halogenation (CF3 + difluorophenyl) drives high PPB and potential idiosyncratic DILI at high doses.",0.65,Structurally devoid of hERG pharmacophores (no basic amine) and MBI alerts. Phase 1 safety is primarily threatened by the high Cmax required to overcome high plasma protein binding and poor peripheral nerve penetration.,0.2,"Ion channels for pain are a notorious clinical graveyard. Translation from rodent nociception to human analgesia is historically abysmal, and achieving the necessary isoform selectivity in vivo is exceptionally difficult.",0.15,"Chronic pain indications demand pristine long-term safety profiles. The high dose burden required for this lipophilic, heavily halogenated molecule significantly elevates the risk of rare but fatal idiosyncratic hepatotoxicity.",0.0195,CAUTION,"Targeting ion channels for pain is a notorious clinical graveyard. Translation from rodent nociception models to human clinical analgesia is historically abysmal. If this NCE targets TRP channels (e.g., TRPV1), hyperthermia and loss of noxious heat sensation are fatal clinical liabilities. If it targets voltage-gated sodium channels (e.g., Nav1.7, Nav1.8), the therapeutic window is inherently constrained by the absolute necessity for selectivity over cardiac (Nav1.5) and CNS (Nav1.1/1.2) isoforms—a feat rarely achieved in humans. The heavy halogenation (a trifluoromethyl group and a difluorophenyl ring) suggests an attempt to brute-force metabolic stability and membrane permeability. However, this high degree of lipophilicity typically drives extensive non-specific plasma protein binding. To achieve adequate free-drug concentrations at peripheral nerve terminals, these molecules often require high clinical doses (>100mg/day). High dose burdens coupled with lipophilic, halogen-rich structures significantly elevate the risk of idiosyncratic Drug-Induced Liver Injury (DILI).",High,40,"Historically poor translation of preclinical pain models to human efficacy, coupled with a razor-thin therapeutic index limited by cardiac/CNS ion channel off-target toxicity."
tradipitant,,GPCR,NK-1,Motion Sickness,Approved,2025.0,,,Approved,GI/CNS,,approved_control,C1=CC=C(C(=C1)C(=O)C2=C(N=CC=C2)C3=C(N(N=N3)CC4=CC(=CC(=C4)C(F)(F)F)C(F)(F)F)C5=CC=NC=C5)Cl,C1=CC=C(C(=C1)C(=O)C2=C(N=CC=C2)C3=C(N(N=N3)CC4=CC(=CC(=C4)C(F)(F)F)C(F)(F)F)C5=CC=NC=C5)Cl,CAVRKWRKTNINFF-UHFFFAOYSA-N,9916461,OK,88,"This molecule is a physicochemical disaster, perfectly exemplifying the 'Brick' phenotype. With a molecular weight exceeding 560 Da and an estimated cLogP well above 5.0, it flagrantly violates CNS MPO guidelines. The inclusion of the 3,5-bis(trifluoromethyl)benzyl moiety is a lazy MedChem tactic to drive GPCR affinity through sheer lipophilic bulk ('grease'), which obliterates Lipophilic Efficiency (LipE) and guarantees massive plasma protein binding (>99%), severely limiting the free fraction. While the TPSA (~73 Å²) and zero HBDs theoretically permit blood-brain barrier crossing, this will be driven by non-specific lipid partitioning rather than efficient permeation. The combination of extreme lipophilicity and multiple heteroaromatic nitrogens (pyridines, triazole) creates a high-risk profile for CYP450 inhibition (severe DDI risk) and promiscuous off-target binding, including hERG, despite the absence of a classic basic amine. Furthermore, the heavy reliance on hepatic clearance for such a lipophilic, high-MW scaffold triggers the Rule of Two for idiosyncratic DILI risk, especially if poor aqueous solubility forces higher clinical dosing. Tox Summary: Not Clean.",Medium,"['3,5-bis(trifluoromethyl)benzyl (extreme lipophilicity and PPB driver)', 'Poly-heteroaromatic core (CYP450 inhibition/DDI risk)']",0.45,High risk of CYP450 inhibition (DDI) and potential hERG/off-target liabilities driven by extreme lipophilicity and heteroaromatic density.,0.25,"Massive plasma protein binding will severely restrict the free fraction, potentially requiring high doses to achieve target engagement, which will exacerbate off-target toxicity.",0.1,The 'Rule of Two' DILI risk (high cLogP + high MW) and severe DDI potential make chronic or broad-population safety highly improbable.,0.01125,CAUTION,"Targeting GI/CNS GPCRs with highly lipophilic, high-molecular-weight scaffolds (notably the bis-trifluoromethyl benzyl moiety) introduces severe pharmacokinetic and hepatotoxic liabilities. While the target class may be validated for acute GI/CNS indications (e.g., emesis, motility, or pain), this specific chemotype guarantees massive plasma protein binding, poor aqueous solubility ('brick dust'), and heavy reliance on hepatic clearance. The primary clinical attrition risk here is not necessarily lack of efficacy, but catastrophic Drug-Drug Interactions (DDIs) via CYP450 inhibition or induction, combined with potential hERG liabilities driven by the heteroaromatic nitrogens and extreme lipophilicity. If the clinical dose must be pushed above 50-100mg to overcome poor oral bioavailability, the resulting liver burden will likely trigger idiosyncratic DILI signals in late-stage trials.",High,30,High risk of late-stage attrition due to severe Drug-Drug Interactions (DDIs) and dose-dependent hepatotoxicity in polypharmacy patient populations.
gepotidacin,,Enzyme,Topoisomerase II/IV,uUTI,Approved,2025.0,,,Approved,Infectious Disease,,approved_control,C1CC2=CC(=NC=C2OC1)CNC3CCN(CC3)C[C@@H]4CN5C(=O)C=CC6=C5N4C(=O)C=N6,C1CC2=CC(=NC=C2OC1)CNC3CCN(CC3)CCH4CN5C(=O)C=CC6=C5N4C(=O)C=N6,PZFAZQUREQIODZ-LJQANCHMSA-N,25101874,OK,78,"This molecule is a toxicological anvil masquerading as a drug. The architecture features a highly basic piperidine and a secondary amine flanked by a dihydropyranopyridine and a dense, electron-deficient fused tricyclic dione system. While the high TPSA and multiple polar groups keep the cLogP in check, the localized basicity (pKa > 8.5) creates a dicationic character at physiological pH. This is a textbook Cationic Amphiphilic Drug (CAD), practically guaranteeing phospholipidosis (PLD) accumulation over time. Furthermore, the spatial arrangement of the basic centers relative to the bulky terminal ring systems forms a classic hERG pharmacophore. Integrating the biological advisory: infectious disease targets demand massive systemic exposures (AUC/MIC). Pushing 500mg+ of this nitrogen-dense, complex xenobiotic through the liver will result in a heavy hepatic extraction burden, inviting idiosyncratic DILI. The sheer mass of drug required obliterates any therapeutic window. Tox Summary: Not Clean (High DILI, PLD, and hERG liabilities).",Low,"Basic piperidine-secondary amine axis (Phospholipidosis/hERG driver), complex fused tricyclic dione (DILI risk at high doses)",0.35,High risk of dose-limiting toxicity in early trials. The dicationic character and massive dose requirements will likely trigger acute cardiac (hERG) or hepatic flags.,0.25,Achieving the necessary AUC/MIC for systemic eradication without crossing the threshold for severe hepatic or cardiac events will severely restrict the therapeutic window.,0.1,Idiosyncratic DILI and phospholipidosis accumulation over prolonged courses (common in severe/resistant infections) will likely derail late-stage trials.,0.00875,CAUTION,"Targeting pathogen-specific enzymes in infectious diseases is a historically validated approach, but it is fundamentally a high-dose game. To maintain adequate PK/PD indices (Time > MIC or AUC/MIC) against systemic infections, this molecule will inevitably require massive clinical doses, often exceeding 500mg to 1g daily. The structural architecture here—featuring a highly complex fused tricyclic system coupled with a basic piperidine moiety—guarantees a heavy hepatic extraction burden. When you push a complex, nitrogen-dense xenobiotic at high doses, you are inviting idiosyncratic Drug-Induced Liver Injury (DILI). Furthermore, the basic amine character introduces a significant risk for drug-induced phospholipidosis over prolonged courses. While the primary target may be pathogen-selective, the sheer mass of drug required to achieve systemic eradication severely narrows the human safety window.",High,25,"Massive dose requirements necessary for infectious disease eradication drive dose-limiting hepatic toxicity, phospholipidosis, and GI intolerance, severely capping late-stage clinical viability."
zoliflodacin,,Enzyme,Topoisomerase II,Gonorrhea,Approved,2025.0,,,Approved,Infectious Disease,,approved_control,C[C@@H]1CN2[C@H]([C@@H](O1)C)C3(CC4=CC5=C(C(=C42)F)ON=C5N6[C@H](COC6=O)C)C(=O)NC(=O)NC3=O,CCH1CN2CH(CH(O1)C)C3(CC4=CC5=C(C(=C42)F)ON=C5N6CH(COC6=O)C)C(=O)NC(=O)NC3=O,ZSWMIFNWDQEXDT-ZESJGQACSA-N,76685216,OK,88,"This NCE is a physicochemical brick and a synthetic nightmare. The architecture features a highly rigid, heteroatom-dense polycyclic core burdened with a spiro-barbiturate (pyrimidine-2,4,6-trione) moiety. This barbiturate introduces significant acidity (pKa ~4-5), ensuring the molecule is largely ionized at physiological pH. Coupled with a massive TPSA (>130 Å²), passive permeability will be abysmal. To achieve necessary intracellular MIC thresholds, the clinical dose will need to be astronomical, perfectly aligning with the biological advisory's warnings of severe metabolic burden and DILI. Structurally, the benzisoxazole N-O bond is a prime candidate for reductive cleavage by gut flora or hepatic reductases, potentially yielding reactive aminophenol species. Furthermore, the oxazolidinone ring is a well-documented mitochondrial poison, carrying a class-wide liability for bone marrow suppression. Pushing half a gram of this complex, reactive scaffold through the liver daily is a recipe for idiosyncratic toxicity. Tox Summary: Not Clean.",Low,"Oxazolidinone (mitochondrial toxicity), Benzisoxazole (reductive cleavage to reactive aminophenols), Spiro-barbiturate (acidity/permeability sink)",0.25,The massive required dose combined with the mitochondrial toxicity of the oxazolidinone and reactive metabolite generation from the benzisoxazole severely compromises the safety margin.,0.15,Abysmal permeability due to high TPSA and physiological ionization will make achieving target engagement and sufficient intracellular MIC extremely difficult.,0.05,Chronic administration or even short-term high-dose therapy will likely trigger bone marrow suppression or idiosyncratic DILI due to the extreme metabolic burden.,0.001875,CAUTION,"Targeting infectious disease enzymes is biologically validated but clinically brutal due to strict PK/PD requirements. To outpace pathogen resistance and maintain necessary AUC/MIC or Time>MIC thresholds, this NCE will inevitably require a massive clinical dose (likely >500mg/day). The molecule is a highly complex, rigid polycyclic system featuring an oxazolidinone-like moiety and a spiro-imide. Pushing half a gram of this heavy, heteroatom-dense scaffold through the liver daily guarantees a high metabolic burden and significant idiosyncratic DILI risk. Furthermore, the oxazolidinone-like structural motif carries a notorious class-wide liability for mitochondrial toxicity (via off-target inhibition of mammalian mitochondrial protein synthesis), leading to bone marrow suppression and neuropathy upon prolonged administration. The liver has a finite capacity, and the required dose for efficacy will push the safety margin to the absolute limit.",High,25,High clinical dose requirements for anti-infective efficacy combined with structural complexity drives idiosyncratic DILI and mitochondrial toxicity risks.
rilzabrutinib,,Kinase,BTK,ITP,Approved,2025.0,,,Approved,Hematology,,approved_control,CC(C)(/C=C(\C#N)/C(=O)N1CCC[C@H](C1)N2C3=NC=NC(=C3C(=N2)C4=C(C=C(C=C4)OC5=CC=CC=C5)F)N)N6CCN(CC6)C7COC7,CC(C)(C=C(C#N)C(=O)N1CCCCH(C1)N2C3=NC=NC(=C3C(=N2)C4=C(C=C(C=C4)OC5=CC=CC=C5)F)N)N6CCN(CC6)C7COC7,LCFFREMLXLZNHE-GBOLQPHISA-N,73388818,OK,85,"This NCE is a structurally bloated covalent kinase inhibitor that flagrantly violates developability guidelines. The architecture relies on a classic purine hinge-binding motif, which inherently carries a kinome promiscuity tax. To drive affinity, the design employs a highly lipophilic 3-fluoro-4-phenoxyphenyl moiety at the 8-position; this acts as a 'grease' anchor that will inevitably drive high CYP450 clearance and severe drug-drug interaction (DDI) risks, perfectly aligning with the biological advisory. The most alarming feature is the alpha-cyanoacrylamide Michael acceptor. While the exceptionally bulky beta-substituent (a 1,1-dimethyl-2-(oxetan-3-ylpiperazin-1-yl)ethyl group) appears to be a deliberate MedChem strategy to sterically tune the warhead's reactivity—likely aiming for reversible-covalent kinetics or restricted target engagement—it inflates the molecular weight to nearly 670 Da, turning the molecule into an impenetrable 'Brick'. This reactive electrophile poses a severe risk of off-target haptenization, glutathione depletion, and idiosyncratic DILI, especially in fragile hematology populations. The combination of extreme molecular weight, excessive lipophilicity, and a reactive warhead creates a perfect storm for clinical attrition. Tox Summary: Not Clean.",Low,"Alpha-cyanoacrylamide (Michael acceptor, haptenization/DILI risk), 3-fluoro-4-phenoxyphenyl (high lipophilicity, CYP450 liability)",0.2,Capped at 20%. The presence of a reactive Michael acceptor combined with extreme molecular weight (>650 Da) and high lipophilicity presents a severe idiosyncratic DILI and off-target toxicity risk in Phase 1.,0.15,Massive MW and high TPSA will severely limit oral bioavailability and tissue penetration. Efficacy will be heavily compromised by poor ADME properties and potential dose-limiting toxicities.,0.05,"Capped at 5%. Chronic administration of a highly lipophilic, promiscuous covalent inhibitor in a polypharmacy hematology setting guarantees late-stage failure due to cumulative immune-mediated toxicities or DDIs.",0.0015,CAUTION,"This NCE is a covalent kinase inhibitor, betrayed by the highly reactive alpha-cyanoacrylamide Michael acceptor in its structure. While covalent mechanisms can drive prolonged pharmacodynamics and theoretically lower the required clinical dose (mitigating direct mass-based liver burden), they introduce a severe liability: haptenization of off-target proteins leading to idiosyncratic DILI and immune-mediated toxicities. In the hematology setting, patients are fragile and heavily pre-treated. If this warhead lacks absolute kinome selectivity, off-target engagement of other cysteine-bearing kinases (e.g., TEC, ITK, EGFR) will trigger bleeding diathesis, severe dermatological toxicity, or profound immunosuppression. Furthermore, the bulky, highly lipophilic phenoxyphenyl moiety guarantees heavy reliance on hepatic CYP450 clearance, creating a minefield of drug-drug interactions in polypharmacy patients. The target class is validated, but the therapeutic window is entirely at the mercy of the warhead's selectivity.",Medium,25,Idiosyncratic DILI via covalent haptenization and off-target kinome reactivity leading to bleeding or immunosuppressive adverse events.
acoltremon,,Ion Channel,TRPM8,Dry Eye,Approved,2025.0,,,Approved,Ophthalmology,,approved_control,C[C@@H]1CC[C@H]([C@@H](C1)C(=O)NC2=CC=C(C=C2)OC)C(C)C,CCH1CCCH(CH(C1)C(=O)NC2=CC=C(C=C2)OC)C(C)C,HNSGVPAAXJJOPQ-XOKHGSTOSA-N,11266244,OK,80,"This molecule is a low-molecular-weight (MW < 300) lipophilic sledgehammer. While it avoids the classic hERG pharmacophore by lacking a basic amine, its physicochemical profile is dominated by 'grease' (estimated cLogP ~3.8-4.2, TPSA ~38 Å²). The affinity for the target ion channel is almost certainly entropically driven by the highly aliphatic, terpene-like cyclohexane core burying into a hydrophobic pocket, leading to a dismal Lipophilic Efficiency (LipE < 4). Metabolically, the p-methoxyphenyl group is a prime target for CYP-mediated O-demethylation to a phenol, while the heavily branched aliphatic core invites extensive tertiary hydroxylation. Integrating the biological advisory: deploying a highly lipophilic sensory ion channel modulator to the eye is a recipe for catastrophic local tolerability failures. The lack of polar handles ensures it will partition heavily into the lipid-rich corneal epithelium and act as a chronic irritant, triggering stinging, hyperemia, and potential neurotrophic keratitis. Tox Summary: Not Clean (Severe local ocular tolerability and sensory nerve toxicity).",Low,"['p-methoxyphenyl (O-demethylation to reactive phenol)', 'Terpene-like aliphatic core (sensory nerve irritant/TRP liability)']",0.4,The lack of systemic hERG/MBI liabilities is overshadowed by the near-certainty of severe local ocular adverse events (stinging/burning) upon topical administration in healthy volunteers.,0.15,"The therapeutic window between ion channel modulation (efficacy) and corneal nerve disruption (toxicity) is likely non-existent, leading to failure to meet primary endpoints without unacceptable side effects.",0.05,Chronic topical application of a lipophilic sensory irritant will inevitably lead to massive patient dropout rates due to cumulative ocular surface toxicity.,0.003,CAUTION,"Targeting ion channels in ophthalmology presents a severe local tolerability and off-tissue liability risk. The highly lipophilic, terpene-like aliphatic scaffold strongly suggests modulation of transient receptor potential (TRP) channels or similar sensory ion channels. Historically, this target class is a clinical graveyard. Systemically, they fail due to hyperthermia or cardiac liabilities. Topically, they fail due to intolerable local stinging, burning, hyperemia, and disruption of corneal nerve reflexes (leading to neurotrophic keratitis). While topical ophthalmic delivery bypasses first-pass liver metabolism and systemic DILI risk, the local dose required to penetrate the lipophilic corneal epithelium often necessitates harsh excipients, compounding ocular surface toxicity. The eye is not a privileged sanctuary from ion channel toxicity.",High,35,"High risk of late-stage failure due to poor local ocular tolerability (stinging, burning, hyperemia) and dose-limiting corneal toxicity."
aceclidine,,GPCR,Muscarinic (M3),Presbyopia,Approved,2025.0,,,Approved,Ophthalmology,,approved_control,CC(=O)OC1CN2CCC1CC2,CC(=O)OC1CN2CCC1CC2,WRJPSSPFHGNBMG-UHFFFAOYSA-N,1979,OK,28,"Physicochemical evaluation reveals an ultra-low molecular weight (MW < 200) bicyclic tertiary amine coupled with an acetate ester. The architecture is highly rigid, providing an excellent 3D vector projection for the basic nitrogen (pKa ~10) while maintaining a minimal TPSA (~30 Å²) and low cLogP, guaranteeing exceptional Lipophilic Efficiency (LipE). From a developability standpoint, the ester linkage acts as a deliberate 'soft drug' motif. It ensures rapid hydrolysis by ubiquitous tissue and plasma esterases into a highly polar, systemically cleared alcohol, elegantly bypassing hepatic CYP450 metabolism and systemic DILI risks. There are no hERG pharmacophores (lacking the requisite hydrophobic tail) or MBI alerts. However, integrating the biological advisory, the razor-thin therapeutic window due to local on-target pharmacology (ciliary spasm, hyperemia) is the primary liability. The molecule is chemically pristine and perfectly designed for its route of administration, but biologically constrained by its local tolerability profile. Tox Summary: Clean.",Low,None (Hydrolysis yields benign acetic acid and a polar bicyclic alcohol),0.75,Systemic safety is virtually guaranteed by rapid esterase-mediated clearance. Phase 1 risk is entirely dependent on local ocular tolerability and acute irritation at the maximum tolerated dose.,0.55,"Target engagement in the eye is highly probable given the physicochemical properties favoring corneal penetration, but achieving efficacy without triggering dose-limiting ciliary spasm will be challenging.",0.3,"Commercial viability and Phase 3 success are severely threatened by patient compliance issues. Chronic ocular discomfort (brow ache, hyperemia) is a massive attrition risk for topical ophthalmic GPCR agonists.",0.12375,CAUTION,"Targeting an ophthalmic GPCR with a low-molecular-weight, ester-bearing bicyclic amine strongly suggests cholinergic or muscarinic modulation. The ester linkage acts as a classic 'soft drug' feature, ensuring rapid hydrolysis by corneal and plasma esterases to prevent systemic accumulation. This beautifully bypasses the hepatic dose-burden and DILI risks that typically plague systemic therapies, as the systemic exposure will be negligible. However, the biological risk here shifts entirely to local tissue pharmacology. Forcing high GPCR occupancy in the eye routinely triggers severe ciliary muscle spasm, brow ache, and conjunctival hyperemia. Your clinical attrition won't come from liver toxicity; it will come from massive Phase 3 patient dropout due to intolerable ocular discomfort. The target class is highly validated, but the therapeutic window between intraocular efficacy and local tolerability is razor-thin.",Medium,15,"High risk of patient dropout due to local ocular adverse events (ciliary spasm, hyperemia) despite excellent systemic safety."
sebetralstat,,Enzyme,Plasma Kallikrein,HAE,Approved,2025.0,,,Approved,Rare Disease,,approved_control,COCC1=NN(C=C1C(=O)NCC2=NC=CC(=C2F)OC)CC3=CC=C(C=C3)CN4C=CC=CC4=O,COCC1=NN(C=C1C(=O)NCC2=NC=CC(=C2F)OC)CC3=CC=C(C=C3)CN4C=CC=CC4=O,KGMPDQIYDKKXRD-UHFFFAOYSA-N,121365142,OK,68,"The molecule suffers from high structural complexity (MW ~491) and excessive flexibility (~12 rotatable bonds), triggering 'The Balloon' alert and imposing a massive entropic penalty on binding. The presence of four aromatic systems (pyrazole, pyridine, phenyl, pyridone) drives high sp2 character, strongly predicting poor aqueous solubility. Metabolically, the scaffold is riddled with soft spots, including three inter-ring methylenes and two methoxy groups, making it highly susceptible to CYP-mediated oxidation and O-demethylation. Integrating the biological advisory: the combination of poor solubility and high metabolic clearance will necessitate a high oral dose to maintain target engagement. For a chronic rare disease indication, this high-dose requirement of a lipophilic, multi-ring xenobiotic places a severe metabolic burden on the liver, significantly elevating the risk of idiosyncratic DILI. Furthermore, the heavily substituted pyridine and pyrazole motifs introduce CYP liability, complicating polypharmacy. Tox Summary: Not Clean (High DILI risk via metabolic burden and poor solubility).",Low,"['Heavily substituted pyridine (CYP liability)', 'Multiple inter-ring methylenes (oxidation soft spots)']",0.65,"Lack of a basic amine mitigates hERG risk, but the high predicted oral dose required to overcome poor solubility and high clearance introduces early hepatic stress and DILI risk.",0.35,"The excessive number of rotatable bonds (~12) incurs a severe entropic penalty, likely compromising in vivo potency and sustained target engagement.",0.15,"Chronic administration of a high-MW, poorly soluble, multi-ring system for a rare disease carries an unacceptable risk of idiosyncratic DILI and long-term metabolic toxicity.",0.034125,CAUTION,"The indication of a 'Rare Disease' targeting an 'Enzyme' almost universally dictates chronic, lifelong dosing to maintain metabolic or signaling homeostasis. The structural scaffold presented features multiple aromatic systems (pyrazole, pyridine, phenyl, pyridone) and a moderate-to-high molecular weight, which strongly predicts poor aqueous solubility. Clinically, this translates to a high oral dose requirement (likely >100 mg/day) to overcome first-pass extraction and maintain sustained systemic target engagement. Chronic high-dose administration of lipophilic, multi-ring xenobiotics places a massive metabolic burden on the liver, significantly elevating the risk of idiosyncratic Drug-Induced Liver Injury (DILI). Furthermore, the presence of a heavily substituted pyridine and pyrazole may introduce CYP450 liability (inhibition or induction), complicating the polypharmacy often required in complex rare disease populations.",Medium,25,Chronic dosing requirements combined with a predicted high dose burden (>100mg) introduce significant idiosyncratic DILI risk during long-term Phase 3 safety extensions.
remibrutinib,,Kinase,BTK,CSU,Approved,2025.0,,,Approved,Immunology,,approved_control,CC1=C(C=C(C=C1NC(=O)C2=C(C=C(C=C2)C3CC3)F)F)C4=C(C(=NC=N4)N)OCCN(C)C(=O)C=C,CC1=C(C=C(C=C1NC(=O)C2=C(C=C(C=C2)C3CC3)F)F)C4=C(C(=NC=N4)N)OCCN(C)C(=O)C=C,CUABMPOJOBCXJI-UHFFFAOYSA-N,118107483,OK,85,"Physicochemically, this molecule sits at the upper boundaries of acceptable oral space (estimated MW ~520, cLogP ~4.0, TPSA ~100 Å²). The architecture features a classic aminopyrimidine hinge-binding motif coupled with a fluoro-cyclopropyl-benzamide tail for deep pocket occupation. However, the defining and fatal feature of this NCE is the N-methyl-N-(2-oxyethyl)acrylamide moiety. This is a terminal Michael acceptor designed for irreversible covalent inhibition via cysteine adduction. While covalent warheads are acceptable in oncology, deploying an electrophilic acrylamide for a chronic immunology indication is a profound MedChem error. As highlighted by the biological advisory, chronic exposure to an irreversible binder guarantees cumulative off-target protein adduction, glutathione (GSH) depletion, and subsequent haptenization. This is the mechanistic bedrock for idiosyncratic drug-induced liver injury (DILI). Furthermore, the apparent potency of covalent inhibitors often masks poor non-covalent LipE, meaning the scaffold relies on chemical reactivity rather than optimized thermodynamic recognition. The aminopyrimidine core also carries a baseline 'Selectivity Tax' for kinome promiscuity, which, when combined with a covalent warhead, amplifies the risk of off-target toxicity. Tox Summary: Not Clean (High risk of immune-mediated DILI via haptenization).",Medium,"['Acrylamide (Michael acceptor, high risk of GSH depletion and protein haptenization)', 'Aminopyrimidine (Kinome promiscuity flag)']",0.6,"May pass acute safety in healthy volunteers if the dose is kept low, though early signals of GSH depletion or mild transaminase elevations are possible.",0.3,"Target engagement and efficacy will likely be achieved due to the irreversible mechanism, but the trial will be heavily stalked by emerging ALT/AST elevations as off-target adduction accumulates.",0.05,"Chronic administration of a covalent electrophile in a non-lethal, non-oncology indication faces an insurmountable safety hurdle. Idiosyncratic DILI or severe immunosuppressive complications will almost certainly terminate the program.",0.009,CAUTION,"Deploying a covalent kinase inhibitor (evident by the terminal acrylamide Michael acceptor) for a chronic immunology indication is playing Russian roulette with the patient's liver. While the kinase target class is validated for autoimmune diseases, chronic administration of an irreversible binder guarantees off-target protein adduction and haptenization over time. This is a textbook setup for immune-mediated idiosyncratic drug-induced liver injury (DILI). Furthermore, kinase off-target effects combined with deep immunosuppression invite opportunistic infections and cardiovascular liabilities. The therapeutic window for a chronic covalent drug in a non-lethal indication is razor-thin.",High,40,"Chronic covalent target engagement in non-oncology indications carries severe idiosyncratic DILI and haptenization risks, capping late-stage survival."
brensocatib,,Enzyme,Cathepsin C (DPP1),Non-CF Bronchiectasis,Approved,2025.0,,,Approved,Respiratory,,approved_control,CN1C2=C(C=CC(=C2)C3=CC=C(C=C3)C[C@@H](C#N)NC(=O)[C@@H]4CNCCCO4)OC1=O,CN1C2=C(C=CC(=C2)C3=CC=C(C=C3)CCH(C#N)NC(=O)CH4CNCCCO4)OC1=O,AEXFXNFMSAAELR-RXVVDRJESA-N,118253852,OK,85,"Physicochemically, this molecule presents an attractive baseline profile: MW ~406, cLogP ~2.5, and TPSA ~103 Å², suggesting excellent solubility and a potentially high LipE. However, this structural elegance is entirely subverted by the alpha-amino nitrile motif. As highlighted by the biological advisory, this is a reversible covalent warhead designed to trap catalytic cysteines or serines. From a strict MedChem perspective, the highly electrophilic nitrile carbon is a severe liability for off-target thiol reactivity, leading to glutathione (GSH) depletion and protein haptenization. When coupled with the high systemic doses required to achieve adequate pulmonary exposure for respiratory indications, the risk of idiosyncratic Drug-Induced Liver Injury (DILI) and immune sensitization becomes unacceptable. The basic 1,4-oxazepane ring (pKa ~8.5) aids solubility but, when paired with the lipophilic benzoxazolone-phenyl tail, introduces a minor phospholipidosis flag, though hERG is largely mitigated by the low cLogP. Tox Summary: Not Clean.",Medium,"Alpha-amino nitrile (electrophilic covalent warhead, haptenization/DILI risk)",0.35,"High risk of idiosyncratic toxicity, GSH depletion, and DILI driven by the electrophilic alpha-amino nitrile warhead, exacerbated by the high systemic doses required for pulmonary target occupancy.",0.25,"Biological redundancy in respiratory inflammatory pathways frequently leads to devastating efficacy failures in vivo, despite pristine in vitro target engagement.",0.1,"Chronic administration of a covalent inhibitor for a non-oncology respiratory indication faces extreme regulatory scrutiny regarding long-term safety, off-target degradome reactivity, and immune sensitization.",0.00875,CAUTION,"The structural presence of an alpha-amino nitrile motif strongly indicates a reversible covalent mechanism, likely targeting a cysteine or serine protease (e.g., neutrophil elastase or cathepsins) for inflammatory respiratory conditions. The respiratory enzyme graveyard is vast and unforgiving. Systemic administration of covalent inhibitors to treat lung pathology requires high systemic exposure to achieve adequate pulmonary target occupancy. This high dose burden (>50-100mg), combined with the inherent off-target reactivity of the nitrile warhead against the broader human degradome, creates a severe liability for idiosyncratic Drug-Induced Liver Injury (DILI) and haptenization-driven immune responses. Furthermore, biological redundancy in respiratory inflammatory pathways frequently results in devastating Phase 2/3 efficacy failures despite pristine in vitro target engagement.",High,35,"High probability of idiosyncratic DILI driven by covalent warhead off-target reactivity, coupled with historical efficacy failures in respiratory protease inhibition."
nerandomilast,,Enzyme,PDE4B,IPF,Approved,2025.0,,,Approved,Respiratory,,approved_control,C1CC(C1)(CO)NC2=NC(=NC3=C2[S@](=O)CC3)N4CCC(CC4)C5=NC=C(C=N5)Cl,C1CC(C1)(CO)NC2=NC(=NC3=C2S(=O)CC3)N4CCC(CC4)C5=NC=C(C=N5)Cl,UHYCLWAANUGUMN-SSEXGKCCSA-N,166177189,OK,78,"Physicochemically, the molecule presents a deceptive facade of developability (MW ~435, moderate cLogP, TPSA ~120 Å²), avoiding the 'Grease Tax' and 'Balloon' penalties. However, structurally, it is a minefield. The core is a fused 2,4-diaminopyrimidine derivative, a classic and heavily stigmatized kinase hinge-binding motif that carries a massive 'Selectivity Tax' for kinome promiscuity. Integrating the biological advisory, the chiral sulfoxide embedded in the partially saturated thiophene ring is a fatal flaw. Sulfoxides are notorious for in vivo redox cycling, acting as substrates for CYPs and FMOs to interconvert between sulfides and sulfones. This guarantees erratic pharmacokinetics, unpredictable systemic exposure, and a massive metabolic burden on the liver. Furthermore, while the 5-chloropyrimidine tail is less susceptible to direct SNAr than 2- or 4-chloro analogs, oxidative bioactivation of this electron-deficient ring poses a distinct risk for reactive intermediate formation and subsequent glutathione (GSH) depletion. The piperidine nitrogen is conjugated to the pyrimidine, reducing its basicity and mitigating hERG risk, but this does not offset the metabolic and off-target liabilities. Given the razor-thin therapeutic window for respiratory enzyme targets, the required dosing will likely trigger idiosyncratic DILI or local macrophage accumulation if inhaled. Tox Summary: Not Clean.",Low,"['Chiral sulfoxide (redox cycling to sulfide/sulfone)', '5-chloropyrimidine (oxidative bioactivation and GSH depletion)', 'Fused 2,4-diaminopyrimidine (kinome promiscuity)']",0.35,"The chiral sulfoxide guarantees complex, erratic metabolism via redox cycling. Combined with the potential for GSH depletion from the chloro-heteroaromatic tail, Phase 1 clearance and safety profiles will be highly unpredictable.",0.2,"Respiratory enzyme targets are a clinical graveyard. The kinome promiscuity inherent to the 2,4-diaminopyrimidine core will likely drive dose-limiting off-target toxicities (emesis, tachyphylaxis) before meaningful target engagement is achieved.",0.05,"Chronic dosing of a redox-cycling, potentially GSH-depleting molecule in a respiratory indication is a recipe for idiosyncratic DILI or severe local irritation/macrophage accumulation. Commercial viability is near zero.",0.0035,CAUTION,"Targeting enzymes in respiratory indications (historically dominated by PDE4, p38 MAPK, or PI3K) is a well-documented clinical graveyard plagued by dose-limiting emesis, rapid tachyphylaxis, or severe hepatotoxicity. Structurally, this NCE is a metabolic nightmare. The inclusion of a chiral sulfoxide embedded in a fused ring system guarantees in vivo redox cycling (interconversion between sulfide and sulfone). This will result in highly erratic systemic exposure and a massive clearance burden on the liver. Furthermore, the chloro-heteroaromatic tail presents a distinct risk for nucleophilic attack and glutathione depletion. If dosed orally to achieve lung penetrance, the required dose will likely exceed 100mg, triggering idiosyncratic DILI. If intended for inhalation, expect alveolar macrophage accumulation and local irritation. The therapeutic window here is razor-thin.",High,35,High risk of idiosyncratic DILI due to sulfoxide redox cycling and historical dose-limiting toxicities in respiratory enzyme targets.
etripamil,,Ion Channel,L-type Ca Channel,PSVT,Approved,2025.0,,,Approved,Cardiovascular,,approved_control,CC(C)[C@](CCCN(C)CCC1=CC(=CC=C1)C(=O)OC)(C#N)C2=CC(=C(C=C2)OC)OC,CC(C)C(CCCN(C)CCC1=CC(=CC=C1)C(=O)OC)(C#N)C2=CC(=C(C=C2)OC)OC,VAZNEHLGJGSQEL-MHZLTWQESA-N,91824132,OK,88,"This NCE triggers a 'Hard Kill' alert for a textbook hERG pharmacophore: a strong basic center (tertiary amine, pKa ~8.5-9.0) flanked by flexible methylene spacers and multiple hydrophobic clusters (dimethoxyphenyl and benzoate rings). For a cardiovascular ion channel target, this structural motif is a massive proarrhythmic liability. Furthermore, the inclusion of a methyl ester is a glaring developability flaw for chronic oral administration. It guarantees rapid, extensive first-pass hydrolysis by hepatic and intestinal carboxylesterases (CES1/CES2), yielding a highly polar zwitterionic carboxylic acid that will likely lose target affinity and membrane permeability. As the biological advisory correctly notes, overcoming this massive clearance would require dangerously high dosing, which, combined with the molecule's high lipophilicity (cLogP ~4.5-5.0), perfectly sets up a Rule of Two DILI risk. Unless explicitly designed as an ultra-short-acting IV 'soft drug', this scaffold is fundamentally flawed for systemic exposure. Tox Summary: Not Clean (Severe hERG liability, high first-pass clearance, DILI risk at required doses).",Low,"['Methyl ester (rapid CES-mediated hydrolysis leading to massive clearance)', 'Basic lipophilic amine + flexible alkyl-aryl chains (classic hERG/phospholipidosis motif)']",0.15,Capped below 20% due to the 'Hard Kill' hERG pharmacophore alert. The risk of QT prolongation or acute hemodynamic collapse in healthy volunteers is unacceptably high.,0.1,Target engagement will be severely compromised by rapid esterase-mediated clearance. Maintaining therapeutic free-drug concentrations of the parent molecule will be nearly impossible without continuous IV infusion.,0.02,Chronic oral administration is unviable. The high doses required to overcome ester hydrolysis will inevitably trigger idiosyncratic DILI or chronic cardiovascular toxicity.,0.0003,CAUTION,"Targeting ion channels for cardiovascular indications is a high-stakes game with a notoriously razor-thin therapeutic index. The clinical graveyard is overflowing with basic lipophilic amines that either triggered fatal proarrhythmia (hERG liability) or caused severe negative inotropy and AV block. Structurally, this NCE features a basic amine backbone coupled with an ester moiety. If intended for chronic oral administration, gut and hepatic esterases will rapidly hydrolyze the ester during first-pass metabolism. To overcome this massive clearance, the clinical dose will likely need to be pushed dangerously high (>100-200mg), flooding the liver with metabolites and drastically elevating DILI risk. If it is deliberately designed as a 'soft drug' for IV use, the hepatic risk is mitigated, but the acute risk of profound hypotension or hemodynamic collapse remains severe.",High,35,"Narrow therapeutic index inherent to CV ion channel modulators; high risk of dose-limiting proarrhythmia or hemodynamic toxicity, compounded by ester-driven first-pass clearance liabilities."
aficamten,,Motor Protein,Cardiac Myosin,HCM,Approved,2025.0,,,Approved,Cardiovascular,,approved_control,CCC1=NC(=NO1)C2=CC3=C(C=C2)[C@@H](CC3)NC(=O)C4=CN(N=C4)C,CCC1=NC(=NO1)C2=CC3=C(C=C2)CH(CC3)NC(=O)C4=CN(N=C4)C,IOVAZWDIRCRMTM-OAHLLOKOSA-N,139331495,OK,52,"From a purely physicochemical standpoint, this molecule is a masterclass in property-based design. With a molecular weight well under 400 Da, a cLogP in the Goldilocks zone (~2.5-3.0), and a highly rigid architecture (low rotatable bonds), it is primed for exceptional Lipophilic Efficiency (LipE). The TPSA (~86 Å²) and single HBD ensure excellent permeability without excessive solvation penalties. Furthermore, it is devoid of basic amines, completely bypassing the hERG pharmacophore, and lacks structural alerts for mechanism-based inhibition (MBI) or reactive metabolite formation. However, medicinal chemistry does not exist in a vacuum. As per the biological advisory, modulating cardiovascular motor proteins carries a catastrophic pharmacodynamic risk. The razor-thin therapeutic index means that even with perfect pharmacokinetics, slight Cmax fluctuations could trigger iatrogenic heart failure or severe LVEF depression. The chemistry is a precision scalpel, but the target is a live grenade. The 35-point biological penalty is fully applied, elevating an otherwise elite chemical score. Metabolic soft spots include benzylic oxidation on the indane core and aliphatic oxidation of the ethyl-oxadiazole moiety, though clearance should be manageable. Tox Summary: Chemically Clean, but severe PD-driven toxicity risk.",Medium,"None (Chemically clean, toxicity is entirely mechanism/PD-driven)",0.65,"Excellent physicochemical properties and lack of off-target/hERG liabilities ensure good tolerability at low doses, but the razor-thin therapeutic index and risk of hemodynamic crashing limit dose escalation in healthy volunteers.",0.45,"High probability of target engagement due to optimal ADME properties, but proving a safe efficacy window without triggering LVEF drops or arrhythmias will be highly challenging.",0.2,The necessity for echo-guided dose titration and a strict REMS program severely hampers commercial viability and chronic safety. Any severe adverse cardiovascular event in a large cohort will derail the program.,0.0585,CAUTION,"Modulating cardiovascular motor proteins (e.g., cardiac myosin) is a pharmacological high-wire act with a razor-thin therapeutic index. Direct sarcomere modulation carries severe mechanism-based toxicity: excessive inhibition leads to iatrogenic heart failure and dangerous drops in left ventricular ejection fraction (LVEF), while activation risks ischemia, arrhythmias, and troponin leaks. Even if the low-molecular-weight chemistry allows for a low absolute dose, the clinical reality demands rigorous, echo-guided dose titration and likely a strict REMS (Risk Evaluation and Mitigation Strategy) program. The pharmacodynamic risk of crashing the patient's hemodynamics vastly outweighs idiosyncratic liver toxicity in this class.",High,35,Razor-thin therapeutic index requiring complex echo-guided dosing; high risk of adverse LVEF events or failure to meet hard cardiovascular outcomes in broad populations.
vimseltinib,,Kinase,CSF1R,TGCT,Approved,2025.0,,,Approved,Oncology,,approved_control,CC1=C(C=CC(=N1)C2=CN=C(N(C2=O)C)NC(C)C)OC3=CC(=NC=C3)C4=CN(N=C4)C,CC1=C(C=CC(=N1)C2=CN=C(N(C2=O)C)NC(C)C)OC3=CC(=NC=C3)C4=CN(N=C4)C,TVGAHWWPABTBCX-UHFFFAOYSA-N,86267612,OK,65,"While the physicochemical metrics (MW ~420, cLogP ~2.5, HBD=1) offer a deceptive veneer of developability and potentially high LipE, this molecule is essentially a rigid, nitrogen-stuffed plank. The assembly of four heteroaromatic rings (pyrazinone, bis-pyridine, pyrazole) creates an extended planar topology that acts as a promiscuity magnet across the kinome hinge regions. I fully concur with the biological advisory: this 'flatland' architecture relies on brute-force shape complementarity rather than precise 3D vectors, practically guaranteeing off-target engagement (VEGFR/PDGFR) and compressing the therapeutic index. Metabolically, the electron-deficient rings resist direct CYP oxidation, but the isopropylamine is a glaring liability for rapid N-dealkylation. Furthermore, the high aromatic ring count (Ar=4) is a statistical harbinger for poor solubility and idiosyncratic DILI at the high doses required to maintain target suppression. Tox Summary: Not Clean (High risk of off-target kinase-mediated cardiotoxicity/myelosuppression and dose-dependent DILI; lacks classical reactive MBI alerts but fails on structural promiscuity).",Medium,"['Extended multi-heteroaromatic planar scaffold (Kinome promiscuity/Cardiotox risk)', 'Isopropylamine (Rapid N-dealkylation liability)']",0.6,"Favorable logP prevents immediate lipophilic-driven toxicity, but the high probability of off-target kinase engagement (e.g., VEGFR-driven hypertension) threatens early safety cohorts.",0.35,"Efficacy will likely be observed, but the therapeutic window will be razor-thin. Dose-limiting toxicities driven by the promiscuous flat scaffold will complicate proof-of-concept.",0.1,"Chronic dosing of a high-aromatic-ring-count molecule at >100mg/day invites idiosyncratic DILI, while inevitable gatekeeper mutations will destroy long-term durability.",0.021,CAUTION,"Kinases in oncology are a validated but treacherous landscape. The primary biological risk here is kinome promiscuity. This multi-heteroaromatic scaffold will inevitably bind off-target kinases (e.g., VEGFR, PDGFR), compressing the therapeutic index and driving dose-limiting toxicities like myelosuppression, hypertension, or cardiotoxicity. Furthermore, to maintain continuous target suppression and overcome high plasma protein binding, the clinical dose will likely push toward the >100mg/day threshold. This high hepatic burden, coupled with probable CYP-mediated clearance of the nitrogen-rich rings, elevates the risk of idiosyncratic DILI and severe DDIs. Finally, clinical durability is severely threatened by acquired gatekeeper mutations.",High,30,Therapeutic window compression due to off-target kinome toxicity and rapid emergence of acquired resistance mutations.
atrasentan,,GPCR,Endothelin A,IgA Nephropathy,Approved,2025.0,,,Approved,Nephrology,,approved_control,CCCCN(CCCC)C(=O)CN1C[C@@H]([C@H]([C@@H]1C2=CC=C(C=C2)OC)C(=O)O)C3=CC4=C(C=C3)OCO4,CCCCN(CCCC)C(=O)CN1CCH(CH(CH1C2=CC=C(C=C2)OC)C(=O)O)C3=CC4=C(C=C3)OCO4,MOTJMGVDPWRKOC-QPVYNBJUSA-N,159594,OK,85,"This NCE is a textbook example of how to engineer a DILI trap, fully validating the biological advisory's severe caution. The molecule suffers from a massive 'grease tax' violation via the N,N-dibutylacetamide moiety, which needlessly inflates cLogP (>4.5) and introduces a highly vulnerable metabolic sink for omega/omega-1 aliphatic oxidation. The pyrrolidine core is decorated with two critical structural alerts that act synergistically to destroy its safety profile. First, the benzodioxole (methylenedioxyphenyl) group is a notorious mechanism-based inhibitor (MBI) of CYP450 enzymes (particularly CYP3A4/2D6) via reactive carbene intermediate formation, guaranteeing severe drug-drug interactions. Second, the free carboxylic acid, when embedded in such a lipophilic framework, is a prime candidate for reactive acyl glucuronide formation. These glucuronides can undergo intramolecular rearrangement and irreversibly adduct to hepatic proteins. When combined with the high doses typically required to overcome the extensive plasma protein binding driven by the dibutyl grease, this molecule perfectly triggers the 'Rule of Two' for idiosyncratic DILI. For a chronic nephrology indication where hemodynamic stability is paramount, deploying a CYP-inactivating, protein-adducting lipophilic brick is clinical suicide. Tox Summary: Not Clean.",Low,"Benzodioxole (CYP450 MBI via carbene formation), Carboxylic acid (Reactive acyl glucuronidation risk), N,N-dibutylamide (High lipophilicity and omega-oxidation sink)",0.15,Severely penalized due to the dual presence of a CYP450 suicide inhibition motif (benzodioxole) and a high-risk DILI motif (lipophilic carboxylic acid). Phase 1 will likely reveal complex DDIs and early transaminase elevations.,0.35,"GPCRs in nephrology are validated targets, but achieving sustained receptor occupancy without triggering the hemodynamic liabilities (edema) noted in the biological advisory will be difficult given the erratic exposure expected from its metabolic profile.",0.04,Capped below 5% due to 'Hard Kill' structural alerts. A chronic nephrology drug cannot survive Phase 3 with a built-in mechanism for idiosyncratic hepatotoxicity and severe CYP-mediated DDIs.,0.0021,CAUTION,"Targeting GPCRs in nephrology (typically vascular or fibrotic modulators) is clinically validated but historically plagued by systemic hemodynamic liabilities, notably severe fluid retention, edema, and heart failure exacerbation. Structurally, this NCE is a clinical pharmacologist's nightmare: it contains a benzodioxole (methylenedioxyphenyl) moiety, a classic structural alert for mechanism-based CYP450 inhibition (suicide inhibition via reactive carbene formation), guaranteeing complex drug-drug interactions. Furthermore, the free carboxylic acid risks forming reactive acyl glucuronides. If the required clinical dose exceeds 30-50mg to achieve adequate receptor occupancy in the kidney, the combined liver burden of CYP-inhibition and reactive metabolites will inevitably trigger idiosyncratic DILI—a classic graveyard for this specific target class.",High,35,"High risk of idiosyncratic DILI due to benzodioxole-mediated CYP inhibition, compounded by target-mediated hemodynamic adverse events (fluid retention) requiring strict REMS protocols."
sepiapterin,,Cofactor Precursor,Sepiapterin Reductase,PKU,Approved,2025.0,,,Approved,Rare Disease,,approved_control,C[C@@H](C(=O)C1=NC2=C(NC1)N=C(NC2=O)N)O,CCH(C(=O)C1=NC2=C(NC1)N=C(NC2=O)N)O,VPVOXUSPXFPWBN-VKHMYHEASA-N,135398579,OK,78,"This molecule is a physicochemical nightmare of extreme polarity. With a molecular weight under 250 Da but boasting 5 hydrogen bond donors and a TPSA well over 120 Å², it is a 'polar rock'. Passive membrane permeability will be virtually zero, necessitating active transport or massive, gradient-driving clinical doses (>1 g/day) that guarantee severe osmotic GI toxicity, perfectly aligning with the biological advisory. Furthermore, the partially saturated, poly-nitrogenous bicyclic core is a glaring redox liability, highly susceptible to rapid auto-oxidation and endogenous enzymatic processing before it ever reaches the target tissue. While devoid of lipophilic grease, hERG pharmacophores, or classic CYP suicide inhibitors, its abysmal pharmacokinetic profile, rapid renal clearance, and the 20-point historical target stigma penalty doom it. Tox Summary: Not Clean (Osmotic/GI toxicity driven by extreme dose requirements and redox instability).",Low,"['Partially saturated poly-nitrogenous bicyclic core (redox liability)', 'Extreme polar motif (osmotic GI toxicity at required doses)']",0.7,"Endogenous-like polar molecules generally avoid acute systemic toxicity or hERG liabilities, but the massive doses required will trigger significant gastrointestinal adverse events (diarrhea, osmotic disturbances) early in Phase 1.",0.15,"Target engagement is severely compromised by abysmal passive permeability. Unless a highly specific and high-capacity active transporter exists for the target tissue, intracellular concentrations will fall short of efficacy thresholds.",0.05,"Chronic administration of massive doses of a highly polar, rapidly cleared compound is a compliance and commercial disaster. Long-term GI intolerance will drive high attrition rates.",0.00525,CAUTION,"Targeting a cofactor precursor for a rare metabolic disease offers strong genetic validation but introduces severe pharmacokinetic and dosing liabilities. This highly polar, low-molecular-weight entity will suffer from rapid renal clearance and abysmal passive membrane permeability. To achieve meaningful intracellular or CNS concentrations, massive clinical doses (likely >1000 mg/day) will be required to drive gradient-based uptake. While endogenous-like metabolites carry lower intrinsic DILI risk compared to xenobiotics, this extreme dose burden guarantees GI toxicity, osmotic disturbances, and potential metabolic bottlenecking. The clinical graveyard is full of cofactor therapies that demonstrated pristine in vitro rescue but failed to reach the target tissue in vivo.",Medium,20,High risk of Phase 3 efficacy failure due to poor tissue distribution (especially CNS) and dose-limiting tolerability at the massive doses required for target engagement.
paltusotine,,GPCR,SST2,Acromegaly,Approved,2025.0,,,Approved,Endocrinology,,approved_control,C1CN(CCC1N)C2=C3C=C(C=CC3=NC=C2C4=CC(=CC(=C4)F)F)C5=CC=CC(=C5O)C#N,C1CN(CCC1N)C2=C3C=C(C=CC3=NC=C2C4=CC(=CC(=C4)F)F)C5=CC=CC(=C5O)C#N,GHILNKWBALQPDP-UHFFFAOYSA-N,134168328,OK,82,"This molecule is a masterclass in how to design a clinical failure. While the MW and TPSA sit within acceptable bounds, the structural assembly is fundamentally flawed. The biological advisory correctly identifies the exposed phenol as a massive Phase II metabolic sink, guaranteeing rapid glucuronidation and sulfation. To compensate for this abysmal PK, the clinical dose will inevitably escalate. This is where the structural toxicity becomes fatal: the molecule features a highly basic primary amine on a piperidine ring tethered directly to a rigid, highly lipophilic, flat quinoline-diaryl core. This is a textbook hERG pharmacophore. Furthermore, this basic-amine-plus-flat-aromatic motif is a universal skeleton key for off-target biogenic amine GPCR promiscuity, destroying the exquisite selectivity required for endocrine indications. The combination of high dose requirements, cLogP > 3, and a basic amine triggers a severe DILI risk. Finally, if CYP-mediated oxidation competes with Phase II clearance, the phenol risks bioactivation to reactive quinone species. Tox Summary: Not Clean.",Low,"['Exposed phenol (Phase II conjugation sink and potential quinone bioactivation)', 'Basic aminopiperidine linked to flat lipophilic core (hERG pharmacophore / GPCR promiscuity)']",0.35,The hERG liability and potential for acute off-target GPCR effects (due to the basic amine/flat core) present significant hurdles for healthy volunteer safety.,0.2,"Rapid Phase II clearance of the phenol will severely limit systemic exposure, making sustained target engagement nearly impossible without pushing the dose into toxic ranges.",0.05,Chronic dosing in an endocrine setting with a molecule requiring high doses and carrying severe DILI and hERG liabilities is a commercial and regulatory non-starter.,0.0035,CAUTION,"While GPCRs are historically tractable, targeting them in endocrinology with small molecules often requires exquisite selectivity to avoid disrupting complex, interconnected hormonal feedback loops. Structurally, this molecule presents a severe metabolic liability: an exposed phenol moiety that guarantees rapid Phase II clearance via glucuronidation and sulfation. To maintain adequate receptor occupancy and systemic exposure in a chronic endocrine setting, the clinical dose will inevitably be pushed high (>100mg). Combining a high dose requirement with a highly lipophilic, flat aromatic core and a basic amine creates a classic setup for hERG-mediated QTc prolongation and idiosyncratic Drug-Induced Liver Injury (DILI). The liver burden here will be substantial, and off-target GPCR promiscuity is a looming threat.",High,25,Dose-limiting toxicities (DILI and QTc prolongation) driven by high metabolic clearance of the phenol moiety and the necessity for high clinical dosing.
elinzanetant,,GPCR,NK-1/3,Menopause VMS,Approved,2025.0,,,Approved,Women's Health,,approved_control,CC1=C(C=CC(=C1)F)C2=CC(=NC=C2N(C)C(=O)C(C)(C)C3=CC(=CC(=C3)C(F)(F)F)C(F)(F)F)N4C[C@H]5COCCN5C[C@H]4CO,CC1=C(C=CC(=C1)F)C2=CC(=NC=C2N(C)C(=O)C(C)(C)C3=CC(=CC(=C3)C(F)(F)F)C(F)(F)F)N4CCH5COCCN5CCH4CO,DWRIJNIPBUFCQS-DQEYMECFSA-N,16063568,OK,82,"This molecule is a physicochemical monstrosity. With a molecular weight exceeding 650 Da and a cLogP undoubtedly north of 5.0, it triggers the 'Brick' alert with extreme prejudice. The inclusion of a 3,5-bis(trifluoromethyl)phenyl group is a classic, lazy MedChem crutch to buy affinity through sheer grease, obliterating Lipophilic Efficiency (LipE). While this motif acts as a metabolic shield, it forces CYP450 clearance onto the N-methyl amide and the fluorotolyl ring, risking reactive intermediate formation. The dense bicyclic amine, while providing some necessary polarity (TPSA ~86 Å²), presents a basic center that, when coupled with the massive lipophilic bulk, forms a textbook hERG pharmacophore. I fully concur with the biological advisory: the combination of extreme lipophilicity, high plasma protein binding, and the inevitable high clinical doses required for GPCR antagonism in a chronic setting creates a perfect storm for idiosyncratic DILI. This violates the Rule of Two for hepatotoxicity. Tox Summary: Not Clean (High DILI and hERG liabilities).",Low,"3,5-bis(trifluoromethyl)phenyl (extreme lipophilicity driver/PPB sink), N-methyl amide (N-demethylation hotspot), basic bicyclic amine linked to lipophilic bulk (hERG pharmacophore)",0.25,High risk of clinical hold due to hERG liabilities and early signals of hepatotoxicity (elevated LFTs) driven by the massive lipophilic burden and high required exposure.,0.3,"While GPCR target engagement is likely, the extreme plasma protein binding (>99%) will severely restrict the free fraction, demanding dose escalation that exacerbates off-target toxicity.",0.05,"Chronic administration in a Women's Health indication demands an immaculate safety profile. The idiosyncratic DILI risk inherent to this high-dose, high-clearance lipophilic brick will be fatal in a large patient population.",0.00375,CAUTION,"Targeting GPCRs in Women's Health (e.g., GnRH or Neurokinin receptors) is a clinical minefield. The indication demands an immaculate safety profile, yet this molecule is a lipophilic brick. The bis-trifluoromethyl phenyl group and dense bicyclic amine system guarantee high molecular weight, massive plasma protein binding, and extensive hepatic clearance. To maintain the sustained receptor occupancy required for efficacy, you will be forced into high clinical doses (>50-100mg). High dose plus heavy hepatic metabolism equals idiosyncratic Drug-Induced Liver Injury (DILI)—a historical graveyard for similar GPCR antagonists in this space. Furthermore, on-target endocrine disruption often necessitates convoluted add-back therapies or strict LFT monitoring, destroying patient compliance and regulatory enthusiasm.",High,35,Idiosyncratic hepatotoxicity (DILI) risk driven by high lipophilic burden and dose requirements in a low-risk-tolerance indication.
delgocitinib,,Kinase,JAK1/2/3,Chronic Hand Eczema,Approved,2025.0,,,Approved,Dermatology,,approved_control,C[C@H]1CN([C@]12CCN(C2)C3=NC=NC4=C3C=CN4)C(=O)CC#N,CCH1CN(C12CCN(C2)C3=NC=NC4=C3C=CN4)C(=O)CC#N,LOWWYYZBZNSPDT-ZBEGNZNMSA-N,50914062,OK,70,"The architectural elegance of this NCE is undeniable: the complex bicyclic/spiro aliphatic core brilliantly restricts rotatable bonds, locking the conformation to minimize entropic penalties upon binding. Combined with a low molecular weight (<350) and an optimal cLogP, this scaffold generates massive Lipophilic Efficiency (LipE). However, deploying a pyrrolopyrimidine hinge-binder for a chronic dermatological indication is a severe strategic error. This motif carries a heavy 'Selectivity Tax' across the kinome. As the biological advisory warns, any erosion of selectivity will trigger catastrophic systemic liabilities, including MACE, VTE, and severe immunosuppression. Furthermore, the cyanoacetamide moiety is a metabolic liability; its highly acidic alpha-protons create a soft spot prone to oxidative bioactivation, elevating the risk of haptenization and idiosyncratic DILI. In a chronic, non-lethal indication, this combination of kinome promiscuity and electrophilic reactivity obliterates the therapeutic window. Tox Summary: Not Clean.",Medium,Cyanoacetamide (acidic alpha-protons leading to bioactivation/haptenization); Pyrrolopyrimidine (kinome promiscuity/off-target toxicity),0.65,"Exceptional physicochemical properties (low MW, high rigidity, low cLogP) and lack of a hERG pharmacophore suggest it will clear acute safety thresholds, though early biomarkers of off-target kinase engagement may appear.",0.4,"The rigidified hinge-binding motif guarantees potent target engagement and likely strong efficacy in inflammatory skin conditions, but dose-finding will be severely constrained by the razor-thin therapeutic window.",0.15,"Chronic dosing required for dermatology will inevitably expose the severe liabilities of the cyanoacetamide (iDILI) and kinome promiscuity (MACE, VTE, opportunistic infections), making regulatory approval highly precarious.",0.039,CAUTION,"Targeting kinases for chronic dermatological indications requires navigating a clinical minefield. The structural presence of a pyrrolopyrimidine-like hinge binder coupled with a cyanoacetamide moiety strongly suggests a mechanism aimed at cytokine-driven immunomodulatory kinases. While highly efficacious for inflammatory skin conditions, this target class is haunted by severe, class-wide regulatory baggage, including black-box warnings for Major Adverse Cardiovascular Events (MACE), venous thromboembolism (VTE), severe opportunistic infections, and hematological toxicity. Furthermore, the cyanoacetamide group introduces electrophilic reactivity. Under the chronic, long-term dosing regimens required for dermatology, this elevates the risk of haptenization and idiosyncratic drug-induced liver injury (iDILI). The therapeutic window here is razor-thin: any erosion of kinase selectivity at clinical doses will result in systemic immunosuppression, making regulatory approval for a non-lethal condition highly precarious.",High,35,"Chronic dosing in a non-lethal indication demands an immaculate safety profile; off-target kinase inhibition leading to systemic immunosuppression, MACE, or hepatotoxicity will trigger severe regulatory pushback."
PF-06882961,Danuglipron (PF-06882961),GPCR,GLP-1R,Obesity,Phase 2,,2025.0,Liver Toxicity,Failed,Metabolism,hepatotoxicity,Discontinued for safety/tox,C1CO[C@@H]1CN2C3=C(C=CC(=C3)C(=O)O)N=C2CN4CCC(CC4)C5=NC(=CC=C5)OCC6=C(C=C(C=C6)C#N)F,C1COCH1CN2C3=C(C=CC(=C3)C(=O)O)N=C2CN4CCC(CC4)C5=NC(=CC=C5)OCC6=C(C=C(C=C6)C#N)F,HYBAKUMPISVZQP-DEOSSOPVSA-N,134611040,OK,88,"This NCE is a massive zwitterion (MW ~570) featuring a carboxylic acid and a basic piperidine, creating a severe developability bottleneck. The high molecular weight and zwitterionic nature typically result in poor passive permeability, necessitating high oral doses to achieve target engagement. As highlighted by the biological advisory, this high dose requirement synergizes catastrophically with the carboxylic acid moiety, which is highly prone to acyl glucuronidation. The resulting reactive acyl glucuronides can covalently adduct hepatic proteins, driving a severe risk of idiosyncratic drug-induced liver injury (DILI), especially under chronic dosing paradigms required for metabolic indications. Furthermore, the molecule contains a benzyl ether linkage that serves as a metabolic soft spot for O-dealkylation. While the zwitterionic state may mitigate hERG channel affinity, the sheer lipophilic bulk and structural complexity violate the 'Rule of Two' for DILI. Tox Summary: Not Clean (High DILI risk via acyl glucuronidation and high dose burden).",Low,"['Carboxylic acid (Acyl glucuronidation/protein adduction risk)', 'Benzyl ether (O-dealkylation liability)']",0.45,"Phase 1 may be limited by poor oral exposure due to the high-MW zwitterionic physicochemical profile, though acute toxicity might be avoided in short-term dosing.",0.25,"Achieving sufficient target engagement for a metabolic GPCR will be severely hampered by permeability issues, likely leading to efficacy failures at tolerable doses.",0.05,Chronic dosing of a high-burden acyl glucuronide generator is a classic recipe for late-stage idiosyncratic DILI failure. The biological penalty heavily suppresses this probability.,0.005625,CAUTION,"Targeting metabolic GPCRs with high-molecular-weight small molecules is a historically treacherous path, heavily scarred by idiosyncratic drug-induced liver injury (DILI) and efficacy tachyphylaxis. This NCE presents a massive structural footprint featuring multiple aromatic systems, a piperidine, and a carboxylic acid. In the context of metabolic disease, which typically demands chronic, high-occupancy dosing, this structural bulk strongly predicts a high daily dose burden (>100mg). The carboxylic acid moiety is a glaring red flag for acyl glucuronidation; when combined with high hepatic flux, it creates a perfect storm for protein adduction and immune-mediated DILI. Whether this mechanism is chasing the GPR40 graveyard or attempting small-molecule incretin agonism, the liver will bear the brunt of the clearance. The biological feasibility is severely compromised by the inevitable dose-to-toxicity ratio.",High,35,Idiosyncratic DILI risk driven by high-dose chronic administration and acyl glucuronidation of the carboxylic acid moiety.
BAY3630914,VVD-130850 (BAY3630914),Transcription Factor,STAT3,Cancer,Phase 1,,2025.0,Hepatotoxicity,Failed,Oncology,hepatotoxicity,Discontinued for safety/tox,CC(C)(c1ccc2c(c1)nc(nc2N)N3CCN(CC3)C(=O)C=C)O,CC(C)(c1ccc2c(c1)nc(nc2N)N3CCN(CC3)C(=O)C=C)O,AXKPRTYXUFXJRT-UHFFFAOYSA-N,161883398,OK,82,"Physicochemically, this molecule is deceptively elegant. With a MW < 350, cLogP ~2.0, and TPSA ~95 Å², it sits squarely in the developability Goldilocks zone. The incorporation of the tertiary alcohol is a classic, high-fidelity MedChem tactic to cap aromatic oxidation while favorably tuning LipE without adding rotatable bonds. However, the structural-biological mismatch is fatal. The core is a 2,4-diaminoquinazoline—a privileged, highly promiscuous kinase hinge-binding motif. Deploying this scaffold against a Transcription Factor (TF) incurs a massive 'Selectivity Tax', as it will inevitably engage the off-target kinome. Compounding this is the acrylamide Michael acceptor. I fully endorse Salah's biological advisory (+45 point penalty): TFs lack the deep, nucleophilic pockets required to safely anchor covalent inhibitors. Forcing a reactive electrophile into the nucleus requires high systemic exposures, guaranteeing indiscriminate cytosolic cysteine alkylation, rapid glutathione (GSH) depletion, and severe hapten-mediated DILI. You have built a highly optimized kinase inhibitor and recklessly pointed it at a nuclear TF. Tox Summary: Not Clean.",Medium,"Acrylamide (Michael acceptor / GSH depletion risk), 2,4-diaminoquinazoline (Severe kinome promiscuity)",0.25,High risk of idiosyncratic toxicity and DILI due to the combination of a reactive Michael acceptor and the high dose burden required for nuclear TF penetrance.,0.1,"Efficacy will be entirely confounded by off-target kinome engagement driven by the 2,4-diaminoquinazoline core. True TF target engagement will be minimal compared to kinase inhibition.",0.02,"Chronic administration of a promiscuous, covalent electrophile at high doses guarantees cumulative toxicity, making Phase 3 survival virtually impossible.",0.0005,TERMINATE,"Targeting a transcription factor (TF) is historically a clinical graveyard due to their shallow, featureless protein-protein interaction interfaces and the steep pharmacokinetic barrier of nuclear localization. The structural presence of an acrylamide Michael acceptor clearly indicates a targeted covalent mechanism. Deploying a reactive covalent warhead against a nuclear TF is biologically reckless. To achieve sufficient nuclear penetrance and target occupancy, the required systemic dose will be massive. This high dose-burden, combined with a reactive electrophile, guarantees indiscriminate alkylation of cytosolic cysteines, rapid glutathione depletion, and severe hapten-mediated idiosyncratic hepatotoxicity (DILI). The therapeutic index for this mechanism is virtually non-existent.",High,45,Unmanageable off-target covalent reactivity and severe DILI risk required to drive nuclear target occupancy.
Simufilam,Simufilam (PTI-125),Scaffold Protein,Filamin A,Alzheimer's,Phase 3,,2025.0,None (Efficacy),Failed,Neurology,efficacy_failure,Discontinued for efficacy,CN1CCC2(CC1)NCC(=O)N2CC3=CC=CC=C3,CN1CCC2(CC1)NCC(=O)N2CC3=CC=CC=C3,BSQPTZYKCAULBH-UHFFFAOYSA-N,46195331,OK,78,"Structurally, this molecule presents an exceptionally clean physicochemical profile: MW 259, a rigid spirocyclic core, low TPSA (~45 Å²), and an optimal cLogP for CNS penetration. If evaluated in a vacuum for a GPCR or ion channel target, it would be an elite lead. However, integrating the biological advisory reveals a fatal biophysical mismatch. Targeting a featureless Scaffold Protein (PPI) with a low-molecular-weight, low-complexity molecule guarantees weak target affinity, as it lacks the surface area to disrupt broad protein interfaces. To achieve the necessary CNS free-drug concentration for meaningful target engagement, astronomical systemic doses will be required. At these extreme doses, the basic N-methylpiperidine (pKa ~9) transforms from a benign solubilizing motif into a severe liability. Brute-forcing this basic amine at high concentrations guarantees lysosomal trapping (phospholipidosis) and will overwhelm the hERG safety buffer normally provided by its low lipophilicity. It is a classic case of the right molecule for the wrong target class. Tox Summary: Not Clean (Dose-dependent basic amine liabilities).",Medium,Basic N-methylpiperidine (high risk of phospholipidosis and hERG blockade at the massive doses required for this target),0.45,"The low molecular weight and favorable cLogP provide a baseline safety buffer, but the massive doses required to drive this low-affinity PPI inhibitor into the CNS will trigger dose-limiting basic amine toxicities (hERG, lysosomotropism).",0.05,"Near-zero probability of achieving meaningful in vivo efficacy. A 259 Da spirocycle lacks the vector spread and binding energy required to disrupt a large, flat scaffold protein interface in the CNS.",0.02,Chronic administration of a high-dose basic amine for a neurological indication is a guaranteed failure due to cumulative phospholipidosis and off-target CNS promiscuity.,0.00045,TERMINATE,"Targeting a 'Scaffold Protein' in Neurology with a small molecule is a clinical graveyard. Scaffold proteins function via Protein-Protein Interactions (PPIs), which present large, flat, featureless interfaces that are notoriously refractory to small molecule disruption. To achieve meaningful target engagement in the CNS, a molecule must cross the Blood-Brain Barrier and reach high free-drug concentrations to compete with endogenous protein partners. Given the low molecular weight and basic amine nature of this spirocyclic scaffold, its binding affinity is likely modest. Consequently, driving sufficient drug into the brain to saturate an abundant structural scaffold will require a massive systemic dose (>300-500mg). Pushing high doses of a lipophilic, basic amine guarantees systemic liabilities, specifically hERG blockade, phospholipidosis, and dose-dependent Drug-Induced Liver Injury (DILI). The biology is fundamentally incompatible with a safe therapeutic window.",High,45,Unsurmountable efficacy-to-toxicity ratio: achieving therapeutic CNS concentrations to disrupt abundant scaffold PPIs will trigger dose-limiting systemic toxicities (DILI/hERG) long before clinical benefit.
Monlunabant,,GPCR,CB1,Obesity,Phase 2,,2025.0,Neuropsychiatric,Failed,Metabolism,cns_psychiatric_toxicity,Discontinued for safety/tox,CC(=O)N/C(=N/C(=N\S(=O)(=O)C1=CC=C(C=C1)C(F)(F)F)/N2C[C@@H](C(=N2)C3=CC=C(C=C3)Cl)C4=CC=CC=C4)/N,CC(=O)NC(=NC(=NS(=O)(=O)C1=CC=C(C=C1)C(F)(F)F)N2CCH(C(=N2)C3=CC=C(C=C3)Cl)C4=CC=CC=C4)N,GYJPQNPVIJXXTA-JOCHJYFZSA-N,156861524,OK,95,"The molecule is a physicochemical 'Brick' (MW > 600) burdened by a massive 'Grease Tax' from three distinct aromatic rings, two of which are heavily halogenated (CF3, Cl). While the theoretical TPSA is high due to the 7 nitrogens and 3 oxygens, the highly conjugated N-acetyl-N'-sulfonyl-guanidine/amidine network likely engages in extensive intramolecular hydrogen bonding. This masks the polar surface area, facilitating the effortless BBB penetration highlighted in the biological advisory. Structurally, the central nitrogen-dense network is a metabolic nightmare, highly susceptible to hydrolysis and CYP-mediated oxidative cleavage. Additionally, the 4,5-dihydro-1H-pyrazole (pyrazoline) core is a known liability, prone to CYP-mediated aromatization to the corresponding pyrazole, generating metabolites with altered pharmacological profiles. The combination of extreme lipophilicity, high molecular weight, and a complex core necessitates aggressive hepatic clearance, perfectly triggering the 'Rule of Two' for idiosyncratic Drug-Induced Liver Injury (DILI). Integrating the biological advisory, deploying this highly lipophilic, BBB-penetrant scaffold against a systemic metabolic GPCR is a fundamentally toxic strategy, guaranteeing central exposure and severe neuropsychiatric adverse events. Tox Summary: Not Clean. Extreme risk of idiosyncratic DILI, central neuropsychiatric toxicity, and reactive metabolite generation.",Low,"4,5-dihydro-1H-pyrazole (pyrazoline) core, N-acetyl-N'-sulfonyl-guanidine/amidine network, heavily halogenated tri-aryl system",0.1,Severe risk of central neuropsychiatric toxicity and idiosyncratic DILI caps Phase 1 probability.,0.3,"May demonstrate target engagement, but efficacy will be confounded by the generation of active/reactive pyrazole metabolites and dose-limiting central toxicities.",0.01,Zero chance of surviving chronic dosing for a metabolic indication given the catastrophic neuropsychiatric and hepatic safety profile.,0.0003,TERMINATE,"This candidate is a walking clinical disaster. The structural motif—a highly lipophilic diaryl-substituted nitrogen heterocycle coupled with a trifluoromethylphenyl sulfonyl group—aimed at a metabolic GPCR is the exact blueprint of a central cannabinoid (CB1) inverse agonist. Targeting systemic metabolic disorders via this mechanism requires high receptor occupancy. Because this molecule is heavily halogenated and highly lipophilic, it will effortlessly cross the blood-brain barrier (BBB). Central antagonism of this GPCR class is a notorious clinical graveyard, universally resulting in severe neuropsychiatric adverse events, including severe depression and suicidal ideation. Furthermore, the heavy halogenation (Cl, CF3) and complex amidine/guanidine-like network will require significant CYP450-mediated hepatic clearance, introducing a secondary risk of idiosyncratic DILI at the doses required for metabolic efficacy. The biological mechanism is fundamentally toxic.",High,50,Unmitigable neuropsychiatric toxicity (suicidal ideation) due to central penetration of a metabolic GPCR modulator.
Repibresib,,Epigenetic,BET,Vitiligo,Phase 2,,2025.0,Vehicle Effect,Failed,Dermatology,efficacy_failure,Discontinued for efficacy,CN1C=C(C2=C(C1=O)NC=C2)C3=C(C(=CC=C3)O)OC4=CC=CC=C4,CN1C=C(C2=C(C1=O)NC=C2)C3=C(C(=CC=C3)O)OC4=CC=CC=C4,IYQNLEOCTFTMJE-UHFFFAOYSA-N,155234495,OK,82,"Physicochemically, the molecule presents an attractive profile (MW ~332, cLogP ~3.8, TPSA ~73 Å²), sitting comfortably within standard developability parameters. The fused pyrrolopyridinone core provides a rigid, efficient hydrogen-bonding vector. However, the structural liabilities and biological context completely override the MPO metrics. The phenol moiety is a dual-edged sword: it guarantees rapid Phase II clearance (glucuronidation/sulfation) and serves as a structural alert for CYP-mediated bioactivation into reactive ortho-quinones, driving covalent protein adduction. Integrating the biological advisory, deploying a highly permeable epigenetic modulator for a dermatological indication is a catastrophic strategy. The lipophilic phenoxy-phenol tail ensures deep dermal penetration and systemic shunting, exposing the patient to severe class-wide epigenetic toxicities (thrombocytopenia, neutropenia) with a non-existent therapeutic index for non-malignant conditions. Tox Summary: Not Clean.",Low,"['Phenol (risk of oxidation to reactive ortho-quinone/quinone methide)', 'Epigenetic modulator scaffold (pleiotropic toxicity)']",0.2,High risk of systemic shunting from topical application leading to dose-limiting bone marrow suppression and local keratinocyte apoptosis via reactive metabolites.,0.3,"While target engagement is likely, local tissue toxicity and rapid Phase II clearance of the phenol may severely compromise the therapeutic window and clinical efficacy.",0.05,Chronic administration of an epigenetic modulator for a benign dermatological condition is a regulatory dead end. The FDA will not tolerate the systemic safety liabilities.,0.003,TERMINATE,"Deploying an epigenetic modulator for a dermatological indication is biologically reckless. Epigenetic targets (e.g., HDACs, BET bromodomains, methyltransferases) are fundamentally pleiotropic, altering global chromatin architecture and transcriptional networks. In oncology, we barely tolerate the resulting class-wide toxicities—severe thrombocytopenia, neutropenia, and GI mucosal damage. For non-malignant dermatology (e.g., psoriasis, atopic dermatitis), the FDA will halt trials at the first sign of bone marrow suppression. If the strategy relies on topical administration to avoid systemic tox, the highly lipophilic phenoxy-phenol moiety in this scaffold guarantees deep dermal penetration, risking systemic shunting and local keratinocyte apoptosis. Even if the indication is Cutaneous T-Cell Lymphoma (CTCL), it enters a clinical graveyard of poorly tolerated predecessors with black-box warnings. The therapeutic index here is virtually non-existent.",High,45,"Pleiotropic epigenetic mechanism guarantees unacceptable systemic toxicity (myelosuppression) for dermatological indications, completely obliterating the safety window."
Gartisertib,,Kinase,ATR,Cancer,Phase 2,,2025.0,Tolerability,Failed,Oncology,efficacy_failure,Discontinued for safety/tox,C1CN(CCC1C(=O)N2CCN(CC2)C3COC3)C4=C(C=NC=C4NC(=O)C5=C6N=CC(=CN6N=C5N)F)F,C1CN(CCC1C(=O)N2CCN(CC2)C3COC3)C4=C(C=NC=C4NC(=O)C5=C6N=CC(=CN6N=C5N)F)F,QAYHKBLKSXWOEO-UHFFFAOYSA-N,86720912,OK,68,"The molecule is a highly complex, high-molecular-weight (MW > 550) kinase inhibitor. While it violates strict size guidelines, the physicochemical design demonstrates sophisticated MedChem execution. The incorporation of an oxetane ring on the piperazine is an elegant strategy to cap lipophilicity, increase TPSA, and attenuate the basicity of the amine, thereby mitigating the severe hERG and lysosomotropism risks typically associated with such extended basic chemotypes. Furthermore, strategic fluorination blocks obvious metabolic soft spots on the aromatic rings. However, the sheer size of the molecule and the presence of a primary amine on the electron-rich bicyclic core raise concerns for bioactivation (N-oxidation) and idiosyncratic DILI, especially if high doses are required for continuous target suppression as noted in the biological advisory. The 'grease tax' is avoided, but the 'brick' penalty is partially applicable due to the high MW, though rescued by adequate polarity. Integrating the biological advisory's severe 30-point penalty for target stigma and promiscuity risk, the score reflects a heavily penalized but chemically well-optimized structure. Tox Summary: Not Clean (Moderate DILI and bioactivation risk from the primary heteroaromatic amine, compounded by high MW and basic amine burden).",Medium,"Primary heteroaromatic amine (N-oxidation/reactive metabolite risk), extended basic piperazine-piperidine network (lysosomotropism/phospholipidosis)",0.65,"The oxetane and strategic fluorination effectively mitigate acute hERG and rapid clearance liabilities, but the primary amine and high MW present baseline DILI and Phase 1 tolerability risks.",0.5,"High structural complexity suggests excellent shape complementarity and target engagement, but off-target kinome promiscuity (e.g., VEGFR/FLT3) could severely narrow the therapeutic index.",0.3,"Chronic administration of a high-MW, nitrogen-dense molecule in a saturated oncology space faces significant hurdles regarding acquired resistance, long-term tolerability, and cumulative hepatic burden.",0.0975,CAUTION,"Kinase inhibitors in oncology represent a validated but brutally saturated landscape plagued by off-target promiscuity and inevitable acquired resistance. The structural complexity of this NCE, featuring multiple basic nitrogens (piperazine, piperidine) and an oxetane moiety, strongly suggests a high volume of distribution and potential lysosomotropism. This chemotype carries a severe inherent risk of hERG liability and off-target kinome engagement (e.g., VEGFR, FLT3), which clinically translates to dose-limiting myelosuppression, GI toxicity, or cardiotoxicity. Furthermore, the heavy reliance on hepatic CYP-mediated clearance for these nitrogen-rich heterocycles, combined with the continuous target suppression required in oncology, predicts a moderate-to-high daily dose burden (>50-100mg). This high liver exposure to complex basic amines significantly elevates the risk of idiosyncratic DILI.",High,30,Therapeutic window compression due to off-target kinase toxicities (myelosuppression/DILI) and rapid emergence of acquired resistance mutations.
Azelaprag,,GPCR,Apelin,Obesity,Phase 2,,2025.0,Liver Toxicity,Failed,Metabolism,hepatotoxicity,Discontinued for safety/tox,CC1=CC(=CN=C1)C2=NN=C(N2C3=C(C=CC=C3OC)OC)NS(=O)(=O)[C@@H](C)[C@H](C)C4=NC=C(C=N4)C,CC1=CC(=CN=C1)C2=NN=C(N2C3=C(C=CC=C3OC)OC)NS(=O)(=O)CH(C)CH(C)C4=NC=C(C=N4)C,DOMQFIFVDIAOOT-ROUUACIJSA-N,122702529,OK,88,"The molecule presents a severe developability challenge, heavily burdened by its physical properties and metabolic liabilities. With a molecular weight of ~523 Da and a massive topological polar surface area (TPSA >150 Å²), oral absorption will be significantly impaired. To compensate for poor bioavailability and high plasma protein binding driven by the four aromatic rings, clinical dosing would need to be pushed dangerously high. This perfectly aligns with the biological advisory's concern regarding target occupancy for metabolic GPCRs. The structural alerts are glaring: the 2,3-dimethoxyphenyl moiety is a classic liability for CYP-mediated O-demethylation, generating a catechol that can readily oxidize to a reactive ortho-quinone. When combined with a sulfonamide group—a known trigger for idiosyncratic hypersensitivity—and administered chronically to a metabolically compromised population, the risk of Drug-Induced Liver Injury (DILI) becomes unacceptable. The high aromaticity and 'brick-like' properties further guarantee poor solubility and extensive hepatic clearance. Tox Summary: Not Clean.",Low,"2,3-dimethoxyphenyl (catechol/quinone bioactivation risk), sulfonamide (idiosyncratic toxicity)",0.25,"High risk of idiosyncratic toxicity and DILI driven by reactive metabolite formation (ortho-quinones) and sulfonamide hypersensitivity, exacerbated by the high doses required for exposure.",0.3,"High TPSA and molecular weight > 500 Da predict poor oral bioavailability. High aromatic ring count (4) will drive extensive plasma protein binding, severely limiting the free fraction available for GPCR target engagement.",0.05,"Chronic administration of a high-dose, highly aromatic sulfonamide with reactive metabolite liabilities to a metabolically compromised patient population (e.g., NAFLD/MASH) is a textbook recipe for late-stage clinical failure due to hepatic burden.",0.00375,TERMINATE,"Small molecule targeting of metabolic GPCRs is a historical clinical graveyard. Whether attempting to allosterically mimic peptide agonists (e.g., GLP-1R) or antagonize lipid/cannabinoid sensors (e.g., GPR40, CB1), the required receptor occupancy for metabolic efficacy inevitably demands high systemic exposure. This molecule features a high aromatic ring count (4 rings) and a sulfonamide moiety, which strongly predicts high plasma protein binding, poor solubility, and extensive hepatic metabolism. To achieve efficacy, the clinical dose will likely exceed 100mg/day. Chronic administration of a high-dose, highly aromatic sulfonamide to a metabolically compromised patient population (likely with underlying NAFLD/MASH) is a textbook recipe for idiosyncratic Drug-Induced Liver Injury (DILI). The hepatic burden will destroy this candidate's safety window.",High,45,Unacceptable risk of idiosyncratic DILI driven by high dose requirements and hepatic clearance in a metabolically vulnerable patient population.
